<?xml version="1.0" encoding="UTF-8"?>
<addon
  id="webinterface.chorus"
  version="0.1.7"
  name="Chorus"
  provider-name="jez500">
  <requires>
    <import addon="xbmc.gui" version="4.0.0"/>
    <import addon="xbmc.json" version="6.0.0" />
  </requires>
  <extension
    point="xbmc.gui.webinterface"/>
  <extension point="xbmc.addon.metadata">
    <summary lang="en">Chorus - A music centric web interface</summary>
    <description lang="en">A web interface for a shared music player</description>
    <platform>all</platform>
    <language>en</language>
  </extension>
</addon>
